32722,P6_LIS3_20120217_329_099_L2_BAND2.tif
32722,P6_LIS3_20120217_329_099_L2_BAND3.tif
32722,P6_LIS3_20120217_329_099_L2_BAND4.tif
32722,P6_LIS3_20120217_329_099_L2_BAND5.tif
32721,P6_LISS3_20120719_326_102_L2_BAND2.tif
32721,P6_LISS3_20120719_326_102_L2_BAND3.tif
32721,P6_LISS3_20120719_326_102_L2_BAND4.tif
32721,P6_LISS3_20120719_326_102_L2_BAND5.tif
32721,P6_LISS3_20120719_326_102_L2_CB.tif
32722,P6_LISS3_20120905_326_098_L2_BAND2.tif
32722,P6_LISS3_20120905_326_098_L2_BAND3.tif
32722,P6_LISS3_20120905_326_098_L2_BAND4.tif
32722,P6_LISS3_20120905_326_098_L2_BAND5.tif
32722,P6_LISS3_20130127_326_098_L2_BAND2.tif
32722,P6_LISS3_20130127_326_098_L2_BAND3.tif
32722,P6_LISS3_20130127_326_098_L2_BAND4.tif
32722,P6_LISS3_20130127_326_098_L2_BAND5.tif
32722,L2_1981_23680_Warp.img
32722,ERO_REAL_AHE.img
32722,ERO_REAL_AII.img
